{"cameraMode":{"drawMode":0,"name":"Shaded","section":"Shading Mode"},"sceneLighting":true,"audioPlay":false,"sceneViewState":{"m_AlwaysRefresh":false,"showFog":true,"showSkybox":true,"showFlares":true,"showImageEffects":true,"showParticleSystems":true,"showVisualEffectGraphs":true,"m_FxEnabled":false},"in2DMode":false,"pivot":{"x":0.1740342378616333,"y":8.088151931762696,"z":10.041522979736329},"rotation":{"x":0.16597163677215577,"y":-0.028974980115890504,"z":0.004815895576030016,"w":0.9857280254364014},"size":15.55545711517334,"orthographic":false}